rowkey,deviceId,variable,value,alarmClass,timeMili,received_time,kafka_time
it_866897057828909#2023.06.07.04.45.50.000#000,it_866897057828909,POSITION,"8.819899559020996,78.13250732421875,null,GPS",0,1686113150000,2023-06-07 04:47:44.725000 UTC,2023-06-07T10:15:50
it_866897057828909#2023.06.07.04.45.50.000#331,it_866897057828909,IGNITION_STATUS,0,0,1686113150000,2023-06-07 04:47:44.679000 UTC,2023-06-07T10:15:50
it_866897057828909#2023.06.07.04.45.50.000#311,it_866897057828909,EXTERNAL BATTERY,12.152,0,1686113150000,2023-06-07 04:47:44.678000 UTC,2023-06-07T10:15:50
it_866897057828909#2023.06.07.04.14.04.000#000,it_866897057828909,POSITION,"8.819602012634277,78.1327133178711,null,GPS",0,1686111244000,2023-06-07 04:14:07.524000 UTC,2023-06-07T09:44:04
it_866897057828909#2023.06.07.04.14.04.000#331,it_866897057828909,IGNITION_STATUS,0,0,1686111244000,2023-06-07 04:14:07.510000 UTC,2023-06-07T09:44:04
it_866897057828909#2023.06.07.04.14.04.000#311,it_866897057828909,EXTERNAL BATTERY,12.107,0,1686111244000,2023-06-07 04:14:07.509000 UTC,2023-06-07T09:44:04
it_866897057828909#2023.06.07.04.09.50.000#311,it_866897057828909,EXTERNAL BATTERY,12.152,0,1686110990000,2023-06-07 04:11:43.754000 UTC,2023-06-07T09:39:50
it_866897057828909#2023.06.07.04.09.50.000#331,it_866897057828909,IGNITION_STATUS,0,0,1686110990000,2023-06-07 04:11:43.749000 UTC,2023-06-07T09:39:50
it_866897057828909#2023.06.07.03.36.14.000#000,it_866897057828909,POSITION,"8.819778442382812,78.13250732421875,null,GPS",0,1686108974000,2023-06-07 03:36:18.195000 UTC,2023-06-07T09:06:14
it_866897057828909#2023.06.07.03.36.14.000#331,it_866897057828909,IGNITION_STATUS,0,0,1686108974000,2023-06-07 03:36:18.192000 UTC,2023-06-07T09:06:14
it_866897057828909#2023.06.07.03.36.14.000#311,it_866897057828909,EXTERNAL BATTERY,12.122,0,1686108974000,2023-06-07 03:36:18.189000 UTC,2023-06-07T09:06:14
it_866897057828909#2023.06.07.03.02.40.000#311,it_866897057828909,EXTERNAL BATTERY,12.122,0,1686106960000,2023-06-07 03:04:32.795000 UTC,2023-06-07T08:32:40
it_866897057828909#2023.06.07.03.02.40.000#331,it_866897057828909,IGNITION_STATUS,0,0,1686106960000,2023-06-07 03:04:32.790000 UTC,2023-06-07T08:32:40
it_866897057828909#2023.06.07.03.02.40.000#000,it_866897057828909,POSITION,"8.819840431213379,78.13250732421875,null,GPS",0,1686106960000,2023-06-07 03:04:32.784000 UTC,2023-06-07T08:32:40
it_866897057828909#2023.06.07.02.29.08.000#331,it_866897057828909,IGNITION_STATUS,0,0,1686104948000,2023-06-07 02:30:59.345000 UTC,2023-06-07T07:59:08
it_866897057828909#2023.06.07.02.29.08.000#000,it_866897057828909,POSITION,"8.819868087768555,78.13238525390625,null,GPS",0,1686104948000,2023-06-07 02:30:59.344000 UTC,2023-06-07T07:59:08
it_866897057828909#2023.06.07.02.29.08.000#311,it_866897057828909,EXTERNAL BATTERY,12.152,0,1686104948000,2023-06-07 02:30:59.331000 UTC,2023-06-07T07:59:08
it_866897057828909#2023.06.07.01.55.36.000#311,it_866897057828909,EXTERNAL BATTERY,12.152,0,1686102936000,2023-06-07 01:57:27.439000 UTC,2023-06-07T07:25:36
it_866897057828909#2023.06.07.01.55.36.000#000,it_866897057828909,POSITION,"8.819825172424316,78.13253021240234,null,GPS",0,1686102936000,2023-06-07 01:57:27.423000 UTC,2023-06-07T07:25:36
it_866897057828909#2023.06.07.01.55.36.000#331,it_866897057828909,IGNITION_STATUS,0,0,1686102936000,2023-06-07 01:57:27.419000 UTC,2023-06-07T07:25:36
it_866897057828909#2023.06.07.01.22.03.000#000,it_866897057828909,POSITION,"8.819907188415527,78.1326904296875,null,GPS",0,1686100923000,2023-06-07 01:23:55.985000 UTC,2023-06-07T06:52:03
it_866897057828909#2023.06.07.01.22.03.000#311,it_866897057828909,EXTERNAL BATTERY,12.152,0,1686100923000,2023-06-07 01:23:55.985000 UTC,2023-06-07T06:52:03
it_866897057828909#2023.06.07.01.22.03.000#331,it_866897057828909,IGNITION_STATUS,0,0,1686100923000,2023-06-07 01:23:55.982000 UTC,2023-06-07T06:52:03
it_866897057828909#2023.06.07.00.48.33.000#311,it_866897057828909,EXTERNAL BATTERY,12.152,0,1686098913000,2023-06-07 00:50:24.938000 UTC,2023-06-07T06:18:33
it_866897057828909#2023.06.07.00.48.33.000#000,it_866897057828909,POSITION,"8.819780349731445,78.13248443603516,null,GPS",0,1686098913000,2023-06-07 00:50:24.937000 UTC,2023-06-07T06:18:33
it_866897057828909#2023.06.07.00.48.33.000#331,it_866897057828909,IGNITION_STATUS,0,0,1686098913000,2023-06-07 00:50:24.936000 UTC,2023-06-07T06:18:33
it_866897057828909#2023.06.07.00.15.03.000#311,it_866897057828909,EXTERNAL BATTERY,12.152,0,1686096903000,2023-06-07 00:16:56.388000 UTC,2023-06-07T05:45:03
it_866897057828909#2023.06.07.00.15.03.000#000,it_866897057828909,POSITION,"8.819842338562012,78.1325912475586,null,GPS",0,1686096903000,2023-06-07 00:16:56.383000 UTC,2023-06-07T05:45:03
it_866897057828909#2023.06.07.00.15.03.000#331,it_866897057828909,IGNITION_STATUS,0,0,1686096903000,2023-06-07 00:16:56.383000 UTC,2023-06-07T05:45:03
it_866897057828909#2023.06.06.23.41.37.000#311,it_866897057828909,EXTERNAL BATTERY,12.152,0,1686094897000,2023-06-06 23:43:28.289000 UTC,2023-06-07T05:11:37
it_866897057828909#2023.06.06.23.41.37.000#331,it_866897057828909,IGNITION_STATUS,0,0,1686094897000,2023-06-06 23:43:28.269000 UTC,2023-06-07T05:11:37
it_866897057828909#2023.06.06.23.41.37.000#000,it_866897057828909,POSITION,"8.819791793823242,78.13258361816406,null,GPS",0,1686094897000,2023-06-06 23:43:28.252000 UTC,2023-06-07T05:11:37
it_866897057828909#2023.06.06.23.06.42.000#331,it_866897057828909,IGNITION_STATUS,0,0,1686092802000,2023-06-06 23:10:00.852000 UTC,2023-06-07T04:36:42
it_866897057828909#2023.06.06.23.06.42.000#000,it_866897057828909,POSITION,"8.819894790649414,78.13252258300781,null,GPS",0,1686092802000,2023-06-06 23:10:00.850000 UTC,2023-06-07T04:36:42
it_866897057828909#2023.06.06.23.06.42.000#311,it_866897057828909,EXTERNAL BATTERY,12.152,0,1686092802000,2023-06-06 23:10:00.813000 UTC,2023-06-07T04:36:42
it_866897057828909#2023.06.06.22.33.15.000#000,it_866897057828909,POSITION,"8.81980037689209,78.1324691772461,null,GPS",0,1686090795000,2023-06-06 22:35:10.075000 UTC,2023-06-07T04:03:15
it_866897057828909#2023.06.06.22.33.15.000#311,it_866897057828909,EXTERNAL BATTERY,12.152,0,1686090795000,2023-06-06 22:35:10.063000 UTC,2023-06-07T04:03:15
it_866897057828909#2023.06.06.22.33.15.000#331,it_866897057828909,IGNITION_STATUS,0,0,1686090795000,2023-06-06 22:35:10.063000 UTC,2023-06-07T04:03:15
it_866897057828909#2023.06.06.21.59.49.000#311,it_866897057828909,EXTERNAL BATTERY,12.137,0,1686088789000,2023-06-06 21:59:53.984000 UTC,2023-06-07T03:29:49
it_866897057828909#2023.06.06.21.59.49.000#000,it_866897057828909,POSITION,"8.819831848144531,78.13249969482422,null,GPS",0,1686088789000,2023-06-06 21:59:53.964000 UTC,2023-06-07T03:29:49
it_866897057828909#2023.06.06.21.59.49.000#331,it_866897057828909,IGNITION_STATUS,0,0,1686088789000,2023-06-06 21:59:53.890000 UTC,2023-06-07T03:29:49
it_866897057828909#2023.06.06.21.26.22.000#000,it_866897057828909,POSITION,"8.819843292236328,78.13249969482422,null,GPS",0,1686086782000,2023-06-06 21:26:26.600000 UTC,2023-06-07T02:56:22
it_866897057828909#2023.06.06.21.26.22.000#311,it_866897057828909,EXTERNAL BATTERY,12.167,0,1686086782000,2023-06-06 21:26:26.595000 UTC,2023-06-07T02:56:22
it_866897057828909#2023.06.06.21.26.22.000#331,it_866897057828909,IGNITION_STATUS,0,0,1686086782000,2023-06-06 21:26:26.594000 UTC,2023-06-07T02:56:22
it_866897057828909#2023.06.06.20.52.58.000#311,it_866897057828909,EXTERNAL BATTERY,12.152,0,1686084778000,2023-06-06 20:54:53.872000 UTC,2023-06-07T02:22:58
it_866897057828909#2023.06.06.20.52.58.000#000,it_866897057828909,POSITION,"8.819794654846191,78.132568359375,null,GPS",0,1686084778000,2023-06-06 20:54:53.870000 UTC,2023-06-07T02:22:58
it_866897057828909#2023.06.06.20.52.58.000#331,it_866897057828909,IGNITION_STATUS,0,0,1686084778000,2023-06-06 20:54:53.862000 UTC,2023-06-07T02:22:58
it_866897057828909#2023.06.06.20.19.31.000#311,it_866897057828909,EXTERNAL BATTERY,12.167,0,1686082771000,2023-06-06 20:21:29.313000 UTC,2023-06-07T01:49:31
it_866897057828909#2023.06.06.20.19.31.000#000,it_866897057828909,POSITION,"8.819829940795898,78.13251495361328,null,GPS",0,1686082771000,2023-06-06 20:21:29.308000 UTC,2023-06-07T01:49:31
it_866897057828909#2023.06.06.20.19.31.000#331,it_866897057828909,IGNITION_STATUS,0,0,1686082771000,2023-06-06 20:21:29.308000 UTC,2023-06-07T01:49:31
it_866897057828909#2023.06.06.19.46.04.000#331,it_866897057828909,IGNITION_STATUS,0,0,1686080764000,2023-06-06 19:48:02.859000 UTC,2023-06-07T01:16:04
it_866897057828909#2023.06.06.19.46.04.000#311,it_866897057828909,EXTERNAL BATTERY,12.181,0,1686080764000,2023-06-06 19:48:02.858000 UTC,2023-06-07T01:16:04
it_866897057828909#2023.06.06.19.46.04.000#000,it_866897057828909,POSITION,"8.819892883300781,78.13250732421875,null,GPS",0,1686080764000,2023-06-06 19:48:02.857000 UTC,2023-06-07T01:16:04
it_866897057828909#2023.06.06.19.12.36.000#311,it_866897057828909,EXTERNAL BATTERY,12.181,0,1686078756000,2023-06-06 19:14:36.822000 UTC,2023-06-07T00:42:36
it_866897057828909#2023.06.06.19.12.36.000#331,it_866897057828909,IGNITION_STATUS,0,0,1686078756000,2023-06-06 19:14:36.802000 UTC,2023-06-07T00:42:36
it_866897057828909#2023.06.06.19.12.36.000#000,it_866897057828909,POSITION,"8.819865226745605,78.13249969482422,null,GPS",0,1686078756000,2023-06-06 19:14:36.789000 UTC,2023-06-07T00:42:36
it_866897057828909#2023.06.06.18.39.09.000#311,it_866897057828909,EXTERNAL BATTERY,12.181,0,1686076749000,2023-06-06 18:41:10.803000 UTC,2023-06-07T00:09:09
it_866897057828909#2023.06.06.18.39.09.000#000,it_866897057828909,POSITION,"8.819807052612305,78.13245391845703,null,GPS",0,1686076749000,2023-06-06 18:41:10.792000 UTC,2023-06-07T00:09:09
it_866897057828909#2023.06.06.18.39.09.000#331,it_866897057828909,IGNITION_STATUS,0,0,1686076749000,2023-06-06 18:41:10.766000 UTC,2023-06-07T00:09:09
it_866897057828909#2023.06.06.18.05.42.000#000,it_866897057828909,POSITION,"8.819807052612305,78.13249206542969,null,GPS",0,1686074742000,2023-06-06 18:07:43.915000 UTC,2023-06-06T23:35:42
it_866897057828909#2023.06.06.18.05.42.000#311,it_866897057828909,EXTERNAL BATTERY,12.196,0,1686074742000,2023-06-06 18:07:43.907000 UTC,2023-06-06T23:35:42
it_866897057828909#2023.06.06.18.05.42.000#331,it_866897057828909,IGNITION_STATUS,0,0,1686074742000,2023-06-06 18:07:43.903000 UTC,2023-06-06T23:35:42
it_866897057828909#2023.06.06.17.32.13.000#000,it_866897057828909,POSITION,"8.819602966308594,78.13249969482422,null,GPS",0,1686072733000,2023-06-06 17:34:18.087000 UTC,2023-06-06T23:02:13
it_866897057828909#2023.06.06.17.32.13.000#331,it_866897057828909,IGNITION_STATUS,0,0,1686072733000,2023-06-06 17:34:18.080000 UTC,2023-06-06T23:02:13
it_866897057828909#2023.06.06.17.32.13.000#311,it_866897057828909,EXTERNAL BATTERY,12.196,0,1686072733000,2023-06-06 17:34:18.074000 UTC,2023-06-06T23:02:13
it_866897057828909#2023.06.06.16.58.49.000#311,it_866897057828909,EXTERNAL BATTERY,12.167,0,1686070729000,2023-06-06 17:00:52.053000 UTC,2023-06-06T22:28:49
it_866897057828909#2023.06.06.16.58.49.000#000,it_866897057828909,POSITION,"8.81983757019043,78.13253021240234,null,GPS",0,1686070729000,2023-06-06 17:00:52.047000 UTC,2023-06-06T22:28:49
it_866897057828909#2023.06.06.16.58.49.000#331,it_866897057828909,IGNITION_STATUS,0,0,1686070729000,2023-06-06 17:00:52.044000 UTC,2023-06-06T22:28:49
it_866897057828909#2023.06.06.16.25.23.000#311,it_866897057828909,EXTERNAL BATTERY,12.181,0,1686068723000,2023-06-06 16:25:26.849000 UTC,2023-06-06T21:55:23
it_866897057828909#2023.06.06.16.25.23.000#331,it_866897057828909,IGNITION_STATUS,0,0,1686068723000,2023-06-06 16:25:26.847000 UTC,2023-06-06T21:55:23
it_866897057828909#2023.06.06.16.25.23.000#000,it_866897057828909,POSITION,"8.819745063781738,78.1324691772461,null,GPS",0,1686068723000,2023-06-06 16:25:26.835000 UTC,2023-06-06T21:55:23
it_866897057828909#2023.06.06.15.51.57.000#331,it_866897057828909,IGNITION_STATUS,0,0,1686066717000,2023-06-06 15:54:01.787000 UTC,2023-06-06T21:21:57
it_866897057828909#2023.06.06.15.51.57.000#000,it_866897057828909,POSITION,"8.820158004760742,78.13262176513672,null,GPS",0,1686066717000,2023-06-06 15:54:01.785000 UTC,2023-06-06T21:21:57
it_866897057828909#2023.06.06.15.51.57.000#311,it_866897057828909,EXTERNAL BATTERY,12.181,0,1686066717000,2023-06-06 15:54:01.777000 UTC,2023-06-06T21:21:57
it_866897057828909#2023.06.06.15.18.34.000#331,it_866897057828909,IGNITION_STATUS,0,0,1686064714000,2023-06-06 15:20:37.823000 UTC,2023-06-06T20:48:34
it_866897057828909#2023.06.06.15.18.34.000#000,it_866897057828909,POSITION,"8.819655418395996,78.13257598876953,null,GPS",0,1686064714000,2023-06-06 15:20:37.821000 UTC,2023-06-06T20:48:34
it_866897057828909#2023.06.06.15.18.34.000#311,it_866897057828909,EXTERNAL BATTERY,12.181,0,1686064714000,2023-06-06 15:20:37.819000 UTC,2023-06-06T20:48:34
it_866897057828909#2023.06.06.14.45.09.000#331,it_866897057828909,IGNITION_STATUS,0,0,1686062709000,2023-06-06 14:47:15.692000 UTC,2023-06-06T20:15:09
it_866897057828909#2023.06.06.14.45.09.000#311,it_866897057828909,EXTERNAL BATTERY,12.181,0,1686062709000,2023-06-06 14:47:15.691000 UTC,2023-06-06T20:15:09
it_866897057828909#2023.06.06.14.45.09.000#000,it_866897057828909,POSITION,"8.819602966308594,78.1325912475586,null,GPS",0,1686062709000,2023-06-06 14:47:15.687000 UTC,2023-06-06T20:15:09
it_866897057828909#2023.06.06.14.11.44.000#331,it_866897057828909,IGNITION_STATUS,0,0,1686060704000,2023-06-06 14:13:51.006000 UTC,2023-06-06T19:41:44
it_866897057828909#2023.06.06.14.11.44.000#000,it_866897057828909,POSITION,"8.819564819335938,78.13262939453125,null,GPS",0,1686060704000,2023-06-06 14:13:51.004000 UTC,2023-06-06T19:41:44
it_866897057828909#2023.06.06.14.11.44.000#311,it_866897057828909,EXTERNAL BATTERY,12.196,0,1686060704000,2023-06-06 14:13:51.004000 UTC,2023-06-06T19:41:44
it_866897057828909#2023.06.06.13.36.31.000#000,it_866897057828909,POSITION,"8.819930076599121,78.13264465332031,null,GPS",0,1686058591000,2023-06-06 13:40:29.032000 UTC,2023-06-06T19:06:31
it_866897057828909#2023.06.06.13.36.31.000#311,it_866897057828909,EXTERNAL BATTERY,12.196,0,1686058591000,2023-06-06 13:40:29.027000 UTC,2023-06-06T19:06:31
it_866897057828909#2023.06.06.13.36.31.000#331,it_866897057828909,IGNITION_STATUS,0,0,1686058591000,2023-06-06 13:40:28.919000 UTC,2023-06-06T19:06:31
it_866897057828909#2023.06.06.13.33.09.000#000,it_866897057828909,POSITION,"8.819890022277832,78.13256072998047,null,GPS",0,1686058389000,2023-06-06 13:39:00.549000 UTC,2023-06-06T19:03:09
it_866897057828909#2023.06.06.13.32.57.000#000,it_866897057828909,POSITION,"8.819849967956543,78.1325912475586,null,GPS",0,1686058377000,2023-06-06 13:39:00.090000 UTC,2023-06-06T19:02:57
it_866897057828909#2023.06.06.13.33.09.000#331,it_866897057828909,IGNITION_STATUS,0,0,1686058389000,2023-06-06 13:39:00.089000 UTC,2023-06-06T19:03:09
it_866897057828909#2023.06.06.13.33.09.000#311,it_866897057828909,EXTERNAL BATTERY,12.196,0,1686058389000,2023-06-06 13:39:00.086000 UTC,2023-06-06T19:03:09
it_866897057828909#2023.06.06.13.32.57.000#311,it_866897057828909,EXTERNAL BATTERY,12.196,0,1686058377000,2023-06-06 13:39:00.082000 UTC,2023-06-06T19:02:57
it_866897057828909#2023.06.06.13.32.57.000#331,it_866897057828909,IGNITION_STATUS,0,0,1686058377000,2023-06-06 13:38:59.995000 UTC,2023-06-06T19:02:57
it_866897057828909#2023.06.06.12.57.28.000#000,it_866897057828909,POSITION,"8.819851875305176,78.13255310058594,null,GPS",0,1686056248000,2023-06-06 12:59:23.802000 UTC,2023-06-06T18:27:28
it_866897057828909#2023.06.06.12.57.28.000#331,it_866897057828909,IGNITION_STATUS,0,0,1686056248000,2023-06-06 12:59:23.802000 UTC,2023-06-06T18:27:28
it_866897057828909#2023.06.06.12.57.28.000#311,it_866897057828909,EXTERNAL BATTERY,12.196,0,1686056248000,2023-06-06 12:59:23.798000 UTC,2023-06-06T18:27:28
it_866897057828909#2023.06.06.12.24.02.000#000,it_866897057828909,POSITION,"8.820001602172852,78.1327896118164,null,GPS",0,1686054242000,2023-06-06 12:25:59.493000 UTC,2023-06-06T17:54:02
it_866897057828909#2023.06.06.12.24.02.000#331,it_866897057828909,IGNITION_STATUS,0,0,1686054242000,2023-06-06 12:25:59.489000 UTC,2023-06-06T17:54:02
it_866897057828909#2023.06.06.12.24.02.000#311,it_866897057828909,EXTERNAL BATTERY,12.196,0,1686054242000,2023-06-06 12:25:59.484000 UTC,2023-06-06T17:54:02
it_866897057828909#2023.06.06.11.50.37.000#331,it_866897057828909,IGNITION_STATUS,0,0,1686052237000,2023-06-06 11:52:36.079000 UTC,2023-06-06T17:20:37
it_866897057828909#2023.06.06.11.50.37.000#000,it_866897057828909,POSITION,"8.819722175598145,78.13241577148438,null,GPS",0,1686052237000,2023-06-06 11:52:36.013000 UTC,2023-06-06T17:20:37
it_866897057828909#2023.06.06.11.50.37.000#311,it_866897057828909,EXTERNAL BATTERY,12.196,0,1686052237000,2023-06-06 11:52:35.970000 UTC,2023-06-06T17:20:37
it_866897057828909#2023.06.06.11.17.11.000#311,it_866897057828909,EXTERNAL BATTERY,12.196,0,1686050231000,2023-06-06 11:19:11.107000 UTC,2023-06-06T16:47:11
it_866897057828909#2023.06.06.11.17.11.000#331,it_866897057828909,IGNITION_STATUS,0,0,1686050231000,2023-06-06 11:19:11.105000 UTC,2023-06-06T16:47:11
it_866897057828909#2023.06.06.11.17.11.000#000,it_866897057828909,POSITION,"8.819682121276855,78.1326675415039,null,GPS",0,1686050231000,2023-06-06 11:19:11.100000 UTC,2023-06-06T16:47:11
it_866897057828909#2023.06.06.10.43.47.000#311,it_866897057828909,EXTERNAL BATTERY,12.196,0,1686048227000,2023-06-06 10:45:46.588000 UTC,2023-06-06T16:13:47
it_866897057828909#2023.06.06.10.43.47.000#000,it_866897057828909,POSITION,"8.820226669311523,78.131591796875,null,GPS",0,1686048227000,2023-06-06 10:45:46.587000 UTC,2023-06-06T16:13:47
it_866897057828909#2023.06.06.10.43.47.000#331,it_866897057828909,IGNITION_STATUS,0,0,1686048227000,2023-06-06 10:45:46.573000 UTC,2023-06-06T16:13:47
it_866897057828909#2023.06.06.10.08.18.000#311,it_866897057828909,EXTERNAL BATTERY,12.196,0,1686046098000,2023-06-06 10:12:23.685000 UTC,2023-06-06T15:38:18
it_866897057828909#2023.06.06.10.08.18.000#000,it_866897057828909,POSITION,"8.819791793823242,78.1325912475586,null,GPS",0,1686046098000,2023-06-06 10:12:23.674000 UTC,2023-06-06T15:38:18
it_866897057828909#2023.06.06.10.08.18.000#331,it_866897057828909,IGNITION_STATUS,0,0,1686046098000,2023-06-06 10:12:23.674000 UTC,2023-06-06T15:38:18
it_866897057828909#2023.06.06.09.34.54.000#311,it_866897057828909,EXTERNAL BATTERY,12.196,0,1686044094000,2023-06-06 09:34:57.278000 UTC,2023-06-06T15:04:54
it_866897057828909#2023.06.06.09.34.54.000#000,it_866897057828909,POSITION,"8.819805145263672,78.13257598876953,null,GPS",0,1686044094000,2023-06-06 09:34:57.277000 UTC,2023-06-06T15:04:54
it_866897057828909#2023.06.06.09.34.54.000#331,it_866897057828909,IGNITION_STATUS,0,0,1686044094000,2023-06-06 09:34:57.277000 UTC,2023-06-06T15:04:54
it_866897057828909#2023.06.06.09.01.28.000#331,it_866897057828909,IGNITION_STATUS,0,0,1686042088000,2023-06-06 09:03:32.369000 UTC,2023-06-06T14:31:28
it_866897057828909#2023.06.06.09.01.28.000#311,it_866897057828909,EXTERNAL BATTERY,12.196,0,1686042088000,2023-06-06 09:03:32.362000 UTC,2023-06-06T14:31:28
it_866897057828909#2023.06.06.09.01.28.000#000,it_866897057828909,POSITION,"8.819766998291016,78.13251495361328,null,GPS",0,1686042088000,2023-06-06 09:03:32.357000 UTC,2023-06-06T14:31:28
it_866897057828909#2023.06.06.08.28.04.000#311,it_866897057828909,EXTERNAL BATTERY,12.196,0,1686040084000,2023-06-06 08:30:07.169000 UTC,2023-06-06T13:58:04
it_866897057828909#2023.06.06.08.28.04.000#331,it_866897057828909,IGNITION_STATUS,0,0,1686040084000,2023-06-06 08:30:07.168000 UTC,2023-06-06T13:58:04
it_866897057828909#2023.06.06.08.28.04.000#000,it_866897057828909,POSITION,"8.819782257080078,78.13240051269531,null,GPS",0,1686040084000,2023-06-06 08:30:07.165000 UTC,2023-06-06T13:58:04
it_866897057828909#2023.06.06.07.54.39.000#331,it_866897057828909,IGNITION_STATUS,0,0,1686038079000,2023-06-06 07:56:45.029000 UTC,2023-06-06T13:24:39
it_866897057828909#2023.06.06.07.54.39.000#000,it_866897057828909,POSITION,"8.819771766662598,78.13245391845703,null,GPS",0,1686038079000,2023-06-06 07:56:45.013000 UTC,2023-06-06T13:24:39
it_866897057828909#2023.06.06.07.54.39.000#311,it_866897057828909,EXTERNAL BATTERY,12.196,0,1686038079000,2023-06-06 07:56:45.012000 UTC,2023-06-06T13:24:39
it_866897057828909#2023.06.06.07.21.14.000#331,it_866897057828909,IGNITION_STATUS,0,0,1686036074000,2023-06-06 07:23:21.629000 UTC,2023-06-06T12:51:14
it_866897057828909#2023.06.06.07.21.14.000#311,it_866897057828909,EXTERNAL BATTERY,12.196,0,1686036074000,2023-06-06 07:23:21.628000 UTC,2023-06-06T12:51:14
it_866897057828909#2023.06.06.06.47.50.000#331,it_866897057828909,IGNITION_STATUS,0,0,1686034070000,2023-06-06 06:49:58.299000 UTC,2023-06-06T12:17:50
it_866897057828909#2023.06.06.06.47.50.000#000,it_866897057828909,POSITION,"8.819754600524902,78.13262176513672,null,GPS",0,1686034070000,2023-06-06 06:49:58.294000 UTC,2023-06-06T12:17:50
it_866897057828909#2023.06.06.06.47.50.000#311,it_866897057828909,EXTERNAL BATTERY,12.196,0,1686034070000,2023-06-06 06:49:58.292000 UTC,2023-06-06T12:17:50
it_866897057828909#2023.06.06.06.14.24.000#311,it_866897057828909,EXTERNAL BATTERY,12.181,0,1686032064000,2023-06-06 06:16:34.662000 UTC,2023-06-06T11:44:24
it_866897057828909#2023.06.06.06.14.24.000#331,it_866897057828909,IGNITION_STATUS,0,0,1686032064000,2023-06-06 06:16:34.661000 UTC,2023-06-06T11:44:24
it_866897057828909#2023.06.06.06.14.24.000#000,it_866897057828909,POSITION,"8.819555282592773,78.13214111328125,null,GPS",0,1686032064000,2023-06-06 06:16:34.659000 UTC,2023-06-06T11:44:24
it_866897057828909#2023.06.06.05.41.20.000#331,it_866897057828909,IGNITION_STATUS,0,0,1686030080000,2023-06-06 05:43:10.746000 UTC,2023-06-06T11:11:20
it_866897057828909#2023.06.06.05.41.20.000#311,it_866897057828909,EXTERNAL BATTERY,12.196,0,1686030080000,2023-06-06 05:43:10.745000 UTC,2023-06-06T11:11:20
it_866897057828909#2023.06.06.05.41.20.000#000,it_866897057828909,POSITION,"8.819840431213379,78.13251495361328,null,GPS",0,1686030080000,2023-06-06 05:43:10.709000 UTC,2023-06-06T11:11:20
it_866897057828909#2023.06.06.05.07.40.000#311,it_866897057828909,EXTERNAL BATTERY,12.196,0,1686028060000,2023-06-06 05:09:33.799000 UTC,2023-06-06T10:37:40
it_866897057828909#2023.06.06.05.07.40.000#000,it_866897057828909,POSITION,"8.819649696350098,78.1323013305664,null,GPS",0,1686028060000,2023-06-06 05:09:33.798000 UTC,2023-06-06T10:37:40
it_866897057828909#2023.06.06.05.07.40.000#331,it_866897057828909,IGNITION_STATUS,0,0,1686028060000,2023-06-06 05:09:33.796000 UTC,2023-06-06T10:37:40
it_866897057828909#2023.06.06.04.34.02.000#311,it_866897057828909,EXTERNAL BATTERY,12.196,0,1686026042000,2023-06-06 04:35:54.816000 UTC,2023-06-06T10:04:02
it_866897057828909#2023.06.06.04.34.02.000#331,it_866897057828909,IGNITION_STATUS,0,0,1686026042000,2023-06-06 04:35:54.798000 UTC,2023-06-06T10:04:02
it_866897057828909#2023.06.06.04.34.02.000#000,it_866897057828909,POSITION,"8.819802284240723,78.1324691772461,null,GPS",0,1686026042000,2023-06-06 04:35:54.797000 UTC,2023-06-06T10:04:02
it_866897057828909#2023.06.06.04.00.25.000#000,it_866897057828909,POSITION,"8.819865226745605,78.1324462890625,null,GPS",0,1686024025000,2023-06-06 04:02:17.833000 UTC,2023-06-06T09:30:25
it_866897057828909#2023.06.06.04.00.25.000#311,it_866897057828909,EXTERNAL BATTERY,12.196,0,1686024025000,2023-06-06 04:02:17.831000 UTC,2023-06-06T09:30:25
it_866897057828909#2023.06.06.04.00.25.000#331,it_866897057828909,IGNITION_STATUS,0,0,1686024025000,2023-06-06 04:02:17.830000 UTC,2023-06-06T09:30:25
it_866897057828909#2023.06.06.03.26.52.000#311,it_866897057828909,EXTERNAL BATTERY,12.152,0,1686022012000,2023-06-06 03:26:55.467000 UTC,2023-06-06T08:56:52
it_866897057828909#2023.06.06.03.26.52.000#331,it_866897057828909,IGNITION_STATUS,0,0,1686022012000,2023-06-06 03:26:55.463000 UTC,2023-06-06T08:56:52
it_866897057828909#2023.06.06.03.26.52.000#000,it_866897057828909,POSITION,"8.819622993469238,78.13265228271484,null,GPS",0,1686022012000,2023-06-06 03:26:55.462000 UTC,2023-06-06T08:56:52
it_866897057828909#2023.06.06.02.53.18.000#000,it_866897057828909,POSITION,"8.81980037689209,78.1324462890625,null,GPS",0,1686019998000,2023-06-06 02:53:22.008000 UTC,2023-06-06T08:23:18
it_866897057828909#2023.06.06.02.53.18.000#331,it_866897057828909,IGNITION_STATUS,0,0,1686019998000,2023-06-06 02:53:22.004000 UTC,2023-06-06T08:23:18
it_866897057828909#2023.06.06.02.53.18.000#311,it_866897057828909,EXTERNAL BATTERY,12.181,0,1686019998000,2023-06-06 02:53:22.002000 UTC,2023-06-06T08:23:18
it_866897057828909#2023.06.06.02.19.47.000#000,it_866897057828909,POSITION,"8.819862365722656,78.1324462890625,null,GPS",0,1686017987000,2023-06-06 02:21:37.850000 UTC,2023-06-06T07:49:47
it_866897057828909#2023.06.06.02.19.47.000#331,it_866897057828909,IGNITION_STATUS,0,0,1686017987000,2023-06-06 02:21:37.850000 UTC,2023-06-06T07:49:47
it_866897057828909#2023.06.06.02.19.47.000#311,it_866897057828909,EXTERNAL BATTERY,12.181,0,1686017987000,2023-06-06 02:21:37.830000 UTC,2023-06-06T07:49:47
it_866897057828909#2023.06.06.01.45.51.000#331,it_866897057828909,IGNITION_STATUS,0,0,1686015951000,2023-06-06 01:48:07.434000 UTC,2023-06-06T07:15:51
it_866897057828909#2023.06.06.01.45.51.000#311,it_866897057828909,EXTERNAL BATTERY,12.196,0,1686015951000,2023-06-06 01:48:07.421000 UTC,2023-06-06T07:15:51
it_866897057828909#2023.06.06.01.45.51.000#000,it_866897057828909,POSITION,"8.81988525390625,78.13249969482422,null,GPS",0,1686015951000,2023-06-06 01:48:07.414000 UTC,2023-06-06T07:15:51
it_866897057828909#2023.06.06.01.12.22.000#311,it_866897057828909,EXTERNAL BATTERY,12.196,0,1686013942000,2023-06-06 01:14:12.363000 UTC,2023-06-06T06:42:22
it_866897057828909#2023.06.06.01.12.22.000#331,it_866897057828909,IGNITION_STATUS,0,0,1686013942000,2023-06-06 01:14:12.362000 UTC,2023-06-06T06:42:22
it_866897057828909#2023.06.06.01.12.22.000#000,it_866897057828909,POSITION,"8.819772720336914,78.13240051269531,null,GPS",0,1686013942000,2023-06-06 01:14:12.360000 UTC,2023-06-06T06:42:22
it_866897057828909#2023.06.06.00.38.50.000#000,it_866897057828909,POSITION,"8.819682121276855,78.13250732421875,null,GPS",0,1686011930000,2023-06-06 00:40:42.945000 UTC,2023-06-06T06:08:50
it_866897057828909#2023.06.06.00.38.50.000#331,it_866897057828909,IGNITION_STATUS,0,0,1686011930000,2023-06-06 00:40:42.944000 UTC,2023-06-06T06:08:50
it_866897057828909#2023.06.06.00.38.50.000#311,it_866897057828909,EXTERNAL BATTERY,12.196,0,1686011930000,2023-06-06 00:40:42.913000 UTC,2023-06-06T06:08:50
it_866897057828909#2023.06.06.00.05.20.000#000,it_866897057828909,POSITION,"8.819782257080078,78.13255310058594,null,GPS",0,1686009920000,2023-06-06 00:07:12.757000 UTC,2023-06-06T05:35:20
it_866897057828909#2023.06.06.00.05.20.000#311,it_866897057828909,EXTERNAL BATTERY,12.196,0,1686009920000,2023-06-06 00:07:12.734000 UTC,2023-06-06T05:35:20
it_866897057828909#2023.06.06.00.05.20.000#331,it_866897057828909,IGNITION_STATUS,0,0,1686009920000,2023-06-06 00:07:12.734000 UTC,2023-06-06T05:35:20
it_866897057828909#2023.06.05.23.31.50.000#311,it_866897057828909,EXTERNAL BATTERY,12.196,0,1686007910000,2023-06-05 23:33:47.995000 UTC,2023-06-06T05:01:50
it_866897057828909#2023.06.05.23.31.50.000#331,it_866897057828909,IGNITION_STATUS,0,0,1686007910000,2023-06-05 23:33:47.966000 UTC,2023-06-06T05:01:50
it_866897057828909#2023.06.05.23.31.50.000#000,it_866897057828909,POSITION,"8.819802284240723,78.13262176513672,null,GPS",0,1686007910000,2023-06-05 23:33:47.964000 UTC,2023-06-06T05:01:50
it_866897057828909#2023.06.05.22.57.15.000#311,it_866897057828909,EXTERNAL BATTERY,12.196,0,1686005835000,2023-06-05 23:00:16.881000 UTC,2023-06-06T04:27:15
it_866897057828909#2023.06.05.22.57.15.000#331,it_866897057828909,IGNITION_STATUS,0,0,1686005835000,2023-06-05 23:00:16.846000 UTC,2023-06-06T04:27:15
it_866897057828909#2023.06.05.22.57.15.000#000,it_866897057828909,POSITION,"8.819782257080078,78.13258361816406,null,GPS",0,1686005835000,2023-06-05 23:00:16.843000 UTC,2023-06-06T04:27:15
it_866897057828909#2023.06.05.22.23.48.000#311,it_866897057828909,EXTERNAL BATTERY,12.196,0,1686003828000,2023-06-05 22:25:41.899000 UTC,2023-06-06T03:53:48
it_866897057828909#2023.06.05.22.23.48.000#000,it_866897057828909,POSITION,"8.81980037689209,78.13247680664062,null,GPS",0,1686003828000,2023-06-05 22:25:41.873000 UTC,2023-06-06T03:53:48
it_866897057828909#2023.06.05.22.23.48.000#331,it_866897057828909,IGNITION_STATUS,0,0,1686003828000,2023-06-05 22:25:41.872000 UTC,2023-06-06T03:53:48
it_866897057828909#2023.06.05.21.50.22.000#000,it_866897057828909,POSITION,"8.819791793823242,78.1324462890625,null,GPS",0,1686001822000,2023-06-05 21:50:25.193000 UTC,2023-06-06T03:20:22
it_866897057828909#2023.06.05.21.50.22.000#331,it_866897057828909,IGNITION_STATUS,0,0,1686001822000,2023-06-05 21:50:25.167000 UTC,2023-06-06T03:20:22
it_866897057828909#2023.06.05.21.50.22.000#311,it_866897057828909,EXTERNAL BATTERY,12.196,0,1686001822000,2023-06-05 21:50:25.154000 UTC,2023-06-06T03:20:22
it_866897057828909#2023.06.05.21.16.56.000#000,it_866897057828909,POSITION,"8.819742202758789,78.13268280029297,null,GPS",0,1685999816000,2023-06-05 21:18:51.161000 UTC,2023-06-06T02:46:56
it_866897057828909#2023.06.05.21.16.56.000#311,it_866897057828909,EXTERNAL BATTERY,12.196,0,1685999816000,2023-06-05 21:18:51.161000 UTC,2023-06-06T02:46:56
it_866897057828909#2023.06.05.21.16.56.000#331,it_866897057828909,IGNITION_STATUS,0,0,1685999816000,2023-06-05 21:18:51.120000 UTC,2023-06-06T02:46:56
it_866897057828909#2023.06.05.20.43.29.000#311,it_866897057828909,EXTERNAL BATTERY,12.196,0,1685997809000,2023-06-05 20:45:27.541000 UTC,2023-06-06T02:13:29
it_866897057828909#2023.06.05.20.43.29.000#331,it_866897057828909,IGNITION_STATUS,0,0,1685997809000,2023-06-05 20:45:27.538000 UTC,2023-06-06T02:13:29
it_866897057828909#2023.06.05.20.10.03.000#311,it_866897057828909,EXTERNAL BATTERY,12.196,0,1685995803000,2023-06-05 20:12:02.266000 UTC,2023-06-06T01:40:03
it_866897057828909#2023.06.05.20.10.03.000#331,it_866897057828909,IGNITION_STATUS,0,0,1685995803000,2023-06-05 20:12:02.256000 UTC,2023-06-06T01:40:03
it_866897057828909#2023.06.05.19.36.37.000#331,it_866897057828909,IGNITION_STATUS,0,0,1685993797000,2023-06-05 19:38:36.685000 UTC,2023-06-06T01:06:37
it_866897057828909#2023.06.05.19.36.37.000#000,it_866897057828909,POSITION,"8.819572448730469,78.13282775878906,null,GPS",0,1685993797000,2023-06-05 19:38:36.684000 UTC,2023-06-06T01:06:37
it_866897057828909#2023.06.05.19.36.37.000#311,it_866897057828909,EXTERNAL BATTERY,12.196,0,1685993797000,2023-06-05 19:38:36.644000 UTC,2023-06-06T01:06:37
it_866897057828909#2023.06.05.19.03.10.000#311,it_866897057828909,EXTERNAL BATTERY,12.196,0,1685991790000,2023-06-05 19:05:11.223000 UTC,2023-06-06T00:33:10
it_866897057828909#2023.06.05.19.03.10.000#331,it_866897057828909,IGNITION_STATUS,0,0,1685991790000,2023-06-05 19:05:11.192000 UTC,2023-06-06T00:33:10
it_866897057828909#2023.06.05.19.03.10.000#000,it_866897057828909,POSITION,"8.819698333740234,78.1326904296875,null,GPS",0,1685991790000,2023-06-05 19:05:11.189000 UTC,2023-06-06T00:33:10
it_866897057828909#2023.06.05.18.29.43.000#000,it_866897057828909,POSITION,"8.819887161254883,78.1324234008789,null,GPS",0,1685989783000,2023-06-05 18:31:45.292000 UTC,2023-06-05T23:59:43
it_866897057828909#2023.06.05.18.29.43.000#311,it_866897057828909,EXTERNAL BATTERY,12.226,0,1685989783000,2023-06-05 18:31:45.274000 UTC,2023-06-05T23:59:43
it_866897057828909#2023.06.05.18.29.43.000#331,it_866897057828909,IGNITION_STATUS,0,0,1685989783000,2023-06-05 18:31:45.263000 UTC,2023-06-05T23:59:43
it_866897057828909#2023.06.05.17.56.18.000#000,it_866897057828909,POSITION,"8.819780349731445,78.13258361816406,null,GPS",0,1685987778000,2023-06-05 17:58:22.003000 UTC,2023-06-05T23:26:18
it_866897057828909#2023.06.05.17.56.18.000#311,it_866897057828909,EXTERNAL BATTERY,12.211,0,1685987778000,2023-06-05 17:58:21.970000 UTC,2023-06-05T23:26:18
it_866897057828909#2023.06.05.17.56.18.000#331,it_866897057828909,IGNITION_STATUS,0,0,1685987778000,2023-06-05 17:58:21.965000 UTC,2023-06-05T23:26:18
it_866897057828909#2023.06.05.17.22.53.000#000,it_866897057828909,POSITION,"8.819939613342285,78.13235473632812,null,GPS",0,1685985773000,2023-06-05 17:24:54.956000 UTC,2023-06-05T22:52:53
it_866897057828909#2023.06.05.17.22.53.000#311,it_866897057828909,EXTERNAL BATTERY,12.226,0,1685985773000,2023-06-05 17:24:54.945000 UTC,2023-06-05T22:52:53
it_866897057828909#2023.06.05.17.22.53.000#331,it_866897057828909,IGNITION_STATUS,0,0,1685985773000,2023-06-05 17:24:54.915000 UTC,2023-06-05T22:52:53
it_866897057828909#2023.06.05.16.48.52.000#311,it_866897057828909,EXTERNAL BATTERY,12.241,0,1685983732000,2023-06-05 16:51:30.238000 UTC,2023-06-05T22:18:52
it_866897057828909#2023.06.05.16.48.52.000#000,it_866897057828909,POSITION,"8.819914817810059,78.132568359375,null,GPS",0,1685983732000,2023-06-05 16:51:30.222000 UTC,2023-06-05T22:18:52
it_866897057828909#2023.06.05.16.48.52.000#331,it_866897057828909,IGNITION_STATUS,0,0,1685983732000,2023-06-05 16:51:30.202000 UTC,2023-06-05T22:18:52
it_866897057828909#2023.06.05.16.15.23.000#311,it_866897057828909,EXTERNAL BATTERY,12.211,0,1685981723000,2023-06-05 16:17:28.679000 UTC,2023-06-05T21:45:23
it_866897057828909#2023.06.05.16.15.23.000#000,it_866897057828909,POSITION,"8.819856643676758,78.13256072998047,null,GPS",0,1685981723000,2023-06-05 16:17:28.677000 UTC,2023-06-05T21:45:23
it_866897057828909#2023.06.05.16.15.23.000#331,it_866897057828909,IGNITION_STATUS,0,0,1685981723000,2023-06-05 16:17:28.641000 UTC,2023-06-05T21:45:23
it_866897057828909#2023.06.05.15.41.59.000#311,it_866897057828909,EXTERNAL BATTERY,12.211,0,1685979719000,2023-06-05 15:44:03.154000 UTC,2023-06-05T21:11:59
it_866897057828909#2023.06.05.15.41.59.000#331,it_866897057828909,IGNITION_STATUS,0,0,1685979719000,2023-06-05 15:44:03.143000 UTC,2023-06-05T21:11:59
it_866897057828909#2023.06.05.15.41.59.000#000,it_866897057828909,POSITION,"8.819950103759766,78.13259887695312,null,GPS",0,1685979719000,2023-06-05 15:44:03.138000 UTC,2023-06-05T21:11:59
it_866897057828909#2023.06.05.15.08.35.000#000,it_866897057828909,POSITION,"8.819637298583984,78.13272094726562,null,GPS",0,1685977715000,2023-06-05 15:10:40.102000 UTC,2023-06-05T20:38:35
it_866897057828909#2023.06.05.15.08.35.000#331,it_866897057828909,IGNITION_STATUS,0,0,1685977715000,2023-06-05 15:10:40.102000 UTC,2023-06-05T20:38:35
it_866897057828909#2023.06.05.15.08.35.000#311,it_866897057828909,EXTERNAL BATTERY,12.241,0,1685977715000,2023-06-05 15:10:40.100000 UTC,2023-06-05T20:38:35
it_866897057828909#2023.06.05.14.35.08.000#331,it_866897057828909,IGNITION_STATUS,0,0,1685975708000,2023-06-05 14:37:15.917000 UTC,2023-06-05T20:05:08
it_866897057828909#2023.06.05.14.35.08.000#311,it_866897057828909,EXTERNAL BATTERY,12.226,0,1685975708000,2023-06-05 14:37:15.914000 UTC,2023-06-05T20:05:08
it_866897057828909#2023.06.05.14.35.08.000#000,it_866897057828909,POSITION,"8.819718360900879,78.13262176513672,null,GPS",0,1685975708000,2023-06-05 14:37:15.913000 UTC,2023-06-05T20:05:08
it_866897057828909#2023.06.05.14.01.46.000#311,it_866897057828909,EXTERNAL BATTERY,12.226,0,1685973706000,2023-06-05 14:03:52.725000 UTC,2023-06-05T19:31:46
it_866897057828909#2023.06.05.14.01.46.000#000,it_866897057828909,POSITION,"8.819533348083496,78.13265991210938,null,GPS",0,1685973706000,2023-06-05 14:03:52.724000 UTC,2023-06-05T19:31:46
it_866897057828909#2023.06.05.14.01.46.000#331,it_866897057828909,IGNITION_STATUS,0,0,1685973706000,2023-06-05 14:03:52.722000 UTC,2023-06-05T19:31:46
it_866897057828909#2023.06.05.13.26.27.000#000,it_866897057828909,POSITION,"8.819883346557617,78.13265991210938,null,GPS",0,1685971587000,2023-06-05 13:30:29.582000 UTC,2023-06-05T18:56:27
it_866897057828909#2023.06.05.13.26.27.000#311,it_866897057828909,EXTERNAL BATTERY,12.241,0,1685971587000,2023-06-05 13:30:29.582000 UTC,2023-06-05T18:56:27
it_866897057828909#2023.06.05.13.26.27.000#331,it_866897057828909,IGNITION_STATUS,0,0,1685971587000,2023-06-05 13:30:29.576000 UTC,2023-06-05T18:56:27
it_866897057828909#2023.06.05.13.22.55.000#331,it_866897057828909,IGNITION_STATUS,0,0,1685971375000,2023-06-05 13:29:00.374000 UTC,2023-06-05T18:52:55
it_866897057828909#2023.06.05.13.23.07.000#331,it_866897057828909,IGNITION_STATUS,0,0,1685971387000,2023-06-05 13:29:00.374000 UTC,2023-06-05T18:53:07
it_866897057828909#2023.06.05.13.23.07.000#000,it_866897057828909,POSITION,"8.819778442382812,78.13253021240234,null,GPS",0,1685971387000,2023-06-05 13:29:00.372000 UTC,2023-06-05T18:53:07
it_866897057828909#2023.06.05.13.22.55.000#311,it_866897057828909,EXTERNAL BATTERY,12.241,0,1685971375000,2023-06-05 13:29:00.371000 UTC,2023-06-05T18:52:55
it_866897057828909#2023.06.05.13.22.55.000#000,it_866897057828909,POSITION,"8.819709777832031,78.132568359375,null,GPS",0,1685971375000,2023-06-05 13:29:00.368000 UTC,2023-06-05T18:52:55
it_866897057828909#2023.06.05.13.23.07.000#311,it_866897057828909,EXTERNAL BATTERY,12.241,0,1685971387000,2023-06-05 13:29:00.364000 UTC,2023-06-05T18:53:07
it_866897057828909#2023.06.05.13.19.01.000#331,it_866897057828909,IGNITION_STATUS,0,0,1685971141000,2023-06-05 13:19:04.724000 UTC,2023-06-05T18:49:01
it_866897057828909#2023.06.05.13.19.01.000#311,it_866897057828909,EXTERNAL BATTERY,12.241,0,1685971141000,2023-06-05 13:19:04.723000 UTC,2023-06-05T18:49:01
it_866897057828909#2023.06.05.13.19.01.000#000,it_866897057828909,POSITION,"8.8197603225708,78.13258361816406,null,GPS",0,1685971141000,2023-06-05 13:19:04.719000 UTC,2023-06-05T18:49:01
it_866897057828909#2023.06.05.12.45.35.000#311,it_866897057828909,EXTERNAL BATTERY,12.241,0,1685969135000,2023-06-05 12:47:32.254000 UTC,2023-06-05T18:15:35
it_866897057828909#2023.06.05.12.45.35.000#331,it_866897057828909,IGNITION_STATUS,0,0,1685969135000,2023-06-05 12:47:32.254000 UTC,2023-06-05T18:15:35
it_866897057828909#2023.06.05.12.45.35.000#000,it_866897057828909,POSITION,"8.819820404052734,78.13275146484375,null,GPS",0,1685969135000,2023-06-05 12:47:32.238000 UTC,2023-06-05T18:15:35
it_866897057828909#2023.06.05.12.12.11.000#331,it_866897057828909,IGNITION_STATUS,0,0,1685967131000,2023-06-05 12:14:07.201000 UTC,2023-06-05T17:42:11
it_866897057828909#2023.06.05.12.12.11.000#311,it_866897057828909,EXTERNAL BATTERY,12.241,0,1685967131000,2023-06-05 12:14:07.185000 UTC,2023-06-05T17:42:11
it_866897057828909#2023.06.05.11.38.45.000#000,it_866897057828909,POSITION,"8.819831848144531,78.13252258300781,null,GPS",0,1685965125000,2023-06-05 11:40:43.938000 UTC,2023-06-05T17:08:45
it_866897057828909#2023.06.05.11.38.45.000#331,it_866897057828909,IGNITION_STATUS,0,0,1685965125000,2023-06-05 11:40:43.935000 UTC,2023-06-05T17:08:45
it_866897057828909#2023.06.05.11.38.45.000#311,it_866897057828909,EXTERNAL BATTERY,12.241,0,1685965125000,2023-06-05 11:40:43.930000 UTC,2023-06-05T17:08:45
it_866897057828909#2023.06.05.11.05.20.000#331,it_866897057828909,IGNITION_STATUS,0,0,1685963120000,2023-06-05 11:07:19.259000 UTC,2023-06-05T16:35:20
it_866897057828909#2023.06.05.11.05.20.000#000,it_866897057828909,POSITION,"8.819747924804688,78.13256072998047,null,GPS",0,1685963120000,2023-06-05 11:07:19.258000 UTC,2023-06-05T16:35:20
it_866897057828909#2023.06.05.11.05.20.000#311,it_866897057828909,EXTERNAL BATTERY,12.241,0,1685963120000,2023-06-05 11:07:19.256000 UTC,2023-06-05T16:35:20
it_866897057828909#2023.06.05.10.31.54.000#311,it_866897057828909,EXTERNAL BATTERY,12.241,0,1685961114000,2023-06-05 10:33:55.418000 UTC,2023-06-05T16:01:54
it_866897057828909#2023.06.05.10.31.54.000#331,it_866897057828909,IGNITION_STATUS,0,0,1685961114000,2023-06-05 10:33:55.415000 UTC,2023-06-05T16:01:54
it_866897057828909#2023.06.05.09.58.33.000#000,it_866897057828909,POSITION,"8.819816589355469,78.132568359375,null,GPS",0,1685959113000,2023-06-05 10:00:31.433000 UTC,2023-06-05T15:28:33
it_866897057828909#2023.06.05.09.58.33.000#331,it_866897057828909,IGNITION_STATUS,0,0,1685959113000,2023-06-05 10:00:31.344000 UTC,2023-06-05T15:28:33
it_866897057828909#2023.06.05.09.58.33.000#311,it_866897057828909,EXTERNAL BATTERY,12.241,0,1685959113000,2023-06-05 10:00:31.341000 UTC,2023-06-05T15:28:33
it_866897057828909#2023.06.05.09.25.08.000#311,it_866897057828909,EXTERNAL BATTERY,12.241,0,1685957108000,2023-06-05 09:25:11.704000 UTC,2023-06-05T14:55:08
it_866897057828909#2023.06.05.09.25.08.000#000,it_866897057828909,POSITION,"8.819791793823242,78.1324234008789,null,GPS",0,1685957108000,2023-06-05 09:25:11.697000 UTC,2023-06-05T14:55:08
it_866897057828909#2023.06.05.09.25.08.000#331,it_866897057828909,IGNITION_STATUS,0,0,1685957108000,2023-06-05 09:25:11.695000 UTC,2023-06-05T14:55:08
it_866897057828909#2023.06.05.08.51.45.000#311,it_866897057828909,EXTERNAL BATTERY,12.226,0,1685955105000,2023-06-05 08:53:45.650000 UTC,2023-06-05T14:21:45
it_866897057828909#2023.06.05.08.51.45.000#331,it_866897057828909,IGNITION_STATUS,0,0,1685955105000,2023-06-05 08:53:45.647000 UTC,2023-06-05T14:21:45
it_866897057828909#2023.06.05.08.51.45.000#000,it_866897057828909,POSITION,"8.819822311401367,78.13256072998047,null,GPS",0,1685955105000,2023-06-05 08:53:45.642000 UTC,2023-06-05T14:21:45
it_866897057828909#2023.06.05.08.18.18.000#311,it_866897057828909,EXTERNAL BATTERY,12.241,0,1685953098000,2023-06-05 08:20:24.887000 UTC,2023-06-05T13:48:18
it_866897057828909#2023.06.05.08.18.18.000#000,it_866897057828909,POSITION,"8.819942474365234,78.1323471069336,null,GPS",0,1685953098000,2023-06-05 08:20:24.885000 UTC,2023-06-05T13:48:18
it_866897057828909#2023.06.05.08.18.18.000#331,it_866897057828909,IGNITION_STATUS,0,0,1685953098000,2023-06-05 08:20:24.882000 UTC,2023-06-05T13:48:18
it_866897057828909#2023.06.05.07.44.50.000#331,it_866897057828909,IGNITION_STATUS,0,0,1685951090000,2023-06-05 07:46:58.698000 UTC,2023-06-05T13:14:50
it_866897057828909#2023.06.05.07.44.50.000#000,it_866897057828909,POSITION,"8.819771766662598,78.13262176513672,null,GPS",0,1685951090000,2023-06-05 07:46:58.647000 UTC,2023-06-05T13:14:50
it_866897057828909#2023.06.05.07.44.50.000#311,it_866897057828909,EXTERNAL BATTERY,12.226,0,1685951090000,2023-06-05 07:46:58.645000 UTC,2023-06-05T13:14:50
it_866897057828909#2023.06.05.07.11.25.000#311,it_866897057828909,EXTERNAL BATTERY,12.226,0,1685949085000,2023-06-05 07:13:31.478000 UTC,2023-06-05T12:41:25
it_866897057828909#2023.06.05.07.11.25.000#331,it_866897057828909,IGNITION_STATUS,0,0,1685949085000,2023-06-05 07:13:31.475000 UTC,2023-06-05T12:41:25
it_866897057828909#2023.06.05.06.37.58.000#311,it_866897057828909,EXTERNAL BATTERY,12.241,0,1685947078000,2023-06-05 06:40:07.433000 UTC,2023-06-05T12:07:58
it_866897057828909#2023.06.05.06.37.58.000#000,it_866897057828909,POSITION,"8.81987476348877,78.13236999511719,null,GPS",0,1685947078000,2023-06-05 06:40:07.432000 UTC,2023-06-05T12:07:58
it_866897057828909#2023.06.05.06.37.58.000#331,it_866897057828909,IGNITION_STATUS,0,0,1685947078000,2023-06-05 06:40:07.432000 UTC,2023-06-05T12:07:58
it_866897057828909#2023.06.05.06.04.31.000#331,it_866897057828909,IGNITION_STATUS,0,0,1685945071000,2023-06-05 06:06:41.325000 UTC,2023-06-05T11:34:31
it_866897057828909#2023.06.05.06.04.31.000#311,it_866897057828909,EXTERNAL BATTERY,12.226,0,1685945071000,2023-06-05 06:06:41.324000 UTC,2023-06-05T11:34:31
it_866897057828909#2023.06.05.05.31.23.000#000,it_866897057828909,POSITION,"8.819765090942383,78.13252258300781,null,GPS",0,1685943083000,2023-06-05 05:33:16.524000 UTC,2023-06-05T11:01:23
it_866897057828909#2023.06.05.05.31.23.000#311,it_866897057828909,EXTERNAL BATTERY,12.241,0,1685943083000,2023-06-05 05:33:16.507000 UTC,2023-06-05T11:01:23
it_866897057828909#2023.06.05.05.31.23.000#331,it_866897057828909,IGNITION_STATUS,0,0,1685943083000,2023-06-05 05:33:16.504000 UTC,2023-06-05T11:01:23
it_866897057828909#2023.06.05.04.57.47.000#331,it_866897057828909,IGNITION_STATUS,0,0,1685941067000,2023-06-05 04:59:38.443000 UTC,2023-06-05T10:27:47
it_866897057828909#2023.06.05.04.24.09.000#331,it_866897057828909,IGNITION_STATUS,0,0,1685939049000,2023-06-05 04:26:02.075000 UTC,2023-06-05T09:54:09
it_866897057828909#2023.06.05.03.50.33.000#331,it_866897057828909,IGNITION_STATUS,0,0,1685937033000,2023-06-05 03:52:26.347000 UTC,2023-06-05T09:20:33
it_866897057828909#2023.06.05.03.16.56.000#331,it_866897057828909,IGNITION_STATUS,0,0,1685935016000,2023-06-05 03:17:01.984000 UTC,2023-06-05T08:46:56
it_866897057828909#2023.06.05.02.43.24.000#331,it_866897057828909,IGNITION_STATUS,0,0,1685933004000,2023-06-05 02:45:13.722000 UTC,2023-06-05T08:13:24
it_866897057828909#2023.06.05.02.09.51.000#331,it_866897057828909,IGNITION_STATUS,0,0,1685930991000,2023-06-05 02:11:44.694000 UTC,2023-06-05T07:39:51
it_866897057828909#2023.06.05.01.36.21.000#331,it_866897057828909,IGNITION_STATUS,0,0,1685928981000,2023-06-05 01:38:11.767000 UTC,2023-06-05T07:06:21
it_866897057828909#2023.06.05.01.02.50.000#331,it_866897057828909,IGNITION_STATUS,0,0,1685926970000,2023-06-05 01:04:42.678000 UTC,2023-06-05T06:32:50
it_866897057828909#2023.06.05.00.29.21.000#331,it_866897057828909,IGNITION_STATUS,0,0,1685924961000,2023-06-05 00:31:14.795000 UTC,2023-06-05T05:59:21
it_866897057828909#2023.06.04.23.55.52.000#331,it_866897057828909,IGNITION_STATUS,0,0,1685922952000,2023-06-04 23:57:45.090000 UTC,2023-06-05T05:25:52
it_866897057828909#2023.06.04.23.22.24.000#331,it_866897057828909,IGNITION_STATUS,0,0,1685920944000,2023-06-04 23:24:17.067000 UTC,2023-06-05T04:52:24
it_866897057828909#2023.06.04.22.48.57.000#331,it_866897057828909,IGNITION_STATUS,0,0,1685918937000,2023-06-04 22:50:50.576000 UTC,2023-06-05T04:18:57
it_866897057828909#2023.06.04.22.15.31.000#331,it_866897057828909,IGNITION_STATUS,0,0,1685916931000,2023-06-04 22:17:24.440000 UTC,2023-06-05T03:45:31
it_866897057828909#2023.06.04.21.42.05.000#331,it_866897057828909,IGNITION_STATUS,0,0,1685914925000,2023-06-04 21:42:09.667000 UTC,2023-06-05T03:12:05
it_866897057828909#2023.06.04.21.08.40.000#331,it_866897057828909,IGNITION_STATUS,0,0,1685912920000,2023-06-04 21:10:34.642000 UTC,2023-06-05T02:38:40
it_866897057828909#2023.06.04.20.35.13.000#331,it_866897057828909,IGNITION_STATUS,0,0,1685910913000,2023-06-04 20:37:11.299000 UTC,2023-06-05T02:05:13
it_866897057828909#2023.06.04.20.01.48.000#331,it_866897057828909,IGNITION_STATUS,0,0,1685908908000,2023-06-04 20:03:46.564000 UTC,2023-06-05T01:31:48
it_866897057828909#2023.06.04.19.28.22.000#331,it_866897057828909,IGNITION_STATUS,0,0,1685906902000,2023-06-04 19:30:20.957000 UTC,2023-06-05T00:58:22
it_866897057828909#2023.06.04.18.54.55.000#331,it_866897057828909,IGNITION_STATUS,0,0,1685904895000,2023-06-04 18:56:55.693000 UTC,2023-06-05T00:24:55
it_866897057828909#2023.06.04.18.20.20.000#331,it_866897057828909,IGNITION_STATUS,0,0,1685902820000,2023-06-04 18:23:30.889000 UTC,2023-06-04T23:50:20
it_866897057828909#2023.06.04.17.46.54.000#331,it_866897057828909,IGNITION_STATUS,0,0,1685900814000,2023-06-04 17:48:55.727000 UTC,2023-06-04T23:16:54
it_866897057828909#2023.06.04.17.13.29.000#331,it_866897057828909,IGNITION_STATUS,0,0,1685898809000,2023-06-04 17:15:30.063000 UTC,2023-06-04T22:43:29
it_866897057828909#2023.06.04.16.40.01.000#331,it_866897057828909,IGNITION_STATUS,0,0,1685896801000,2023-06-04 16:40:04.854000 UTC,2023-06-04T22:10:01
it_866897057828909#2023.06.04.16.06.33.000#331,it_866897057828909,IGNITION_STATUS,0,0,1685894793000,2023-06-04 16:08:40.483000 UTC,2023-06-04T21:36:33
it_866897057828909#2023.06.04.15.33.09.000#331,it_866897057828909,IGNITION_STATUS,0,0,1685892789000,2023-06-04 15:35:14.069000 UTC,2023-06-04T21:03:09
it_866897057828909#2023.06.04.14.59.44.000#331,it_866897057828909,IGNITION_STATUS,0,0,1685890784000,2023-06-04 15:01:50.215000 UTC,2023-06-04T20:29:44
it_866897057828909#2023.06.04.14.26.20.000#331,it_866897057828909,IGNITION_STATUS,0,0,1685888780000,2023-06-04 14:28:26.461000 UTC,2023-06-04T19:56:20
it_866897057828909#2023.06.04.13.52.57.000#331,it_866897057828909,IGNITION_STATUS,0,0,1685886777000,2023-06-04 13:55:04.228000 UTC,2023-06-04T19:22:57
it_866897057828909#2023.06.04.13.17.21.000#331,it_866897057828909,IGNITION_STATUS,0,0,1685884641000,2023-06-04 13:21:40.120000 UTC,2023-06-04T18:47:21
it_866897057828909#2023.06.04.13.14.00.000#331,it_866897057828909,IGNITION_STATUS,0,0,1685884440000,2023-06-04 13:19:54.675000 UTC,2023-06-04T18:44:00
it_866897057828909#2023.06.04.13.13.48.000#331,it_866897057828909,IGNITION_STATUS,0,0,1685884428000,2023-06-04 13:19:54.674000 UTC,2023-06-04T18:43:48
it_866897057828909#2023.06.04.13.11.42.000#331,it_866897057828909,IGNITION_STATUS,0,0,1685884302000,2023-06-04 13:11:45.105000 UTC,2023-06-04T18:41:42